{
  "project_info": {
    "project_number": "233399593595",
    "project_id": "recycleviwe",
    "storage_bucket": "recycleviwe.appspot.com"
  },
  "client": [
    {
      "client_info": {
        "mobilesdk_app_id": "1:233399593595:android:7c2424a845648ef7f310de",
        "android_client_info": {
          "package_name": "com.example.recycleviwe"
        }
      },
      "oauth_client": [],
      "api_key": [
        {
          "current_key": "AIzaSyDZKnxVMMDV6rHPlsVrs1LsDf8BM-I83-s"
        }
      ],
      "services": {
        "appinvite_service": {
          "other_platform_oauth_client": []
        }
      }
    }
  ],
  "configuration_version": "1"
}